"C_ID","Email","Name","Mobile_number","Gender","Age","City ","State","Address","","","","","","","","","",""
"3768","eddie@yahoomail.com","EDDIE","9045258449","M","83","Louisville","Kentucky","","","","","","","","","","",""
"4852","rose@hotmail.com","ROSE","8834789103","F","87","Kansas City","Missouri","","","","","","","","","","",""
"1174","amy@yahoomail.com","AMY","9557690013","F","31","Seattle","Washington","","","","","","","","","","",""
"4807","clarence@gmail.com","CLARENCE","9394398429","M","37","Seattle","Washington","","","","","","","","","","",""
"9131","johnny@hotmail.com","JOHNNY","9976623538","F","80","Columbus","Ohio","","","","","","","","","","",""
"3496","clifford@yahoomail.com","CLIFFORD","9591889392","M","35","Seattle","Washington","","","","","","","","","","",""
"8523","kathleen@hotmail.com","KATHLEEN","9790455985","F","34","Seattle","Washington","","","","","","","","","","",""
"3122","carol@gmail.com","CAROL","9400471658","F","90","San Diego","California","","","","","","","","","","",""
"7001","teresa@hotmail.com","TERESA","8813425988","F","72","Phoenix","Arizona","","","","","","","","","","",""
"2637","ann@hotmail.com","ANN","9506618471","M","65","Louisville","Kentucky","","","","","","","","","","",""
"4477","gloria@yahoomail.com","GLORIA","8868782850","F","51","Austin","Texas","","","","","","","","","","",""
"9896","troy@yahoomail.com","TROY","9197303171","M","39","Kansas City","Missouri","","","","","","","","","","",""
"6324","debra@yahoomail.com","DEBRA","9586531200","F","34","Austin","Texas","","","","","","","","","","",""
"4691","greg@hotmail.com","GREG","9415221034","M","43","Los Angeles","California","","","","","","","","","","",""
"8067","katherine@yahoomail.com","KATHERINE","9470251219","F","76","Houston","Texas","","","","","","","","","","",""
"9629","sean@yahoomail.com","SEAN","8937472140","F","25","Boston","Massachusetts","","","","","","","","","","",""
"1418","miguel@gmail.com","MIGUEL","8883936622","M","35","Louisville","Kentucky","","","","","","","","","","",""
"3598","judy@hotmail.com","JUDY","9252952579","F","62","San Francisco","California","","","","","","","","","","",""
"3050","tim@yahoomail.com","TIM","9367894695","M","21","San Francisco","California","","","","","","","","","","",""
"4595","andrea@yahoomail.com","ANDREA","9467152868","M","68","Boston","Massachusetts","","","","","","","","","","",""
"1831","frederick@hotmail.com","FREDERICK","9889212726","M","42","Los Angeles","California","","","","","","","","","","",""
"5432","kathryn@hotmail.com","KATHRYN","9107663641","F","91","Houston","Texas","","","","","","","","","","",""
"6814","derek@hotmail.com","DEREK","9620684538","M","81","Dallas","Texas","","","","","","","","","","",""
"8705","wanda@yahoomail.com","WANDA","8894834459","F","85","San Jose","California","","","","","","","","","","",""
"2866","judy@hotmail.com","JUDY","8857290019","M","70","Kansas City","Missouri","","","","","","","","","","",""
"3833","evelyn@yahoomail.com","EVELYN","8993254026","F","50","San Francisco","California","","","","","","","","","","",""
"9137","bonnie@yahoomail.com","BONNIE","9987552390","F","26","San Jose","California","","","","","","","","","","",""
"9554","pamela@yahoomail.com","PAMELA","9400916962","F","19","Los Angeles","California","","","","","","","","","","",""
"7173","marie@hotmail.com","MARIE","9936858051","F","18","Kansas City","Missouri","","","","","","","","","","",""
"2804","theresa@hotmail.com","THERESA","9168629885","M","87","Dallas","Texas","","","","","","","","","","",""
"3402","sharon@yahoomail.com","SHARON","9344463431","F","27","Boston","Massachusetts","","","","","","","","","","",""
"5008","catherine@yahoomail.com","CATHERINE","9664987247","F","70","Houston","Texas","","","","","","","","","","",""
"6946","barry@hotmail.com","BARRY","9076928040","M","52","Dallas","Texas","","","","","","","","","","",""
"8639","beverly@yahoomail.com","BEVERLY","9446943344","F","68","Houston","Texas","","","","","","","","","","",""
"2297","kathy@hotmail.com","KATHY","9662329307","F","70","Seattle","Washington","","","","","","","","","","",""
"9210","anne@hotmail.com","ANNE","9787873200","F","95","Boston","Massachusetts","","","","","","","","","","",""
"3018","jay@yahoomail.com","JAY","8962186751","M","95","Los Angeles","California","","","","","","","","","","",""
"4879","diana@hotmail.com","DIANA","9203141494","F","47","Louisville","Kentucky","","","","","","","","","","",""
"9063","alan@gmail.com","ALAN","9983135834","F","15","Dallas","Texas","","","","","","","","","","",""
"3500","cheryl@hotmail.com","CHERYL","8881689041","F","73","Seattle","Washington","","","","","","","","","","",""
"8197","ricky@hotmail.com","RICKY","9816899344","M","31","San Jose","California","","","","","","","","","","",""
"3931","sara@hotmail.com","SARA","9350096089","F","24","Austin","Texas","","","","","","","","","","",""
"9725","kathryn@yahoomail.com","KATHRYN","9473775302","M","32","San Francisco","California","","","","","","","","","","",""
"9305","betty@yahoomail.com","BETTY","9676448074","F","59","Las Vegas","Nevada","","","","","","","","","","",""
"4284","alice@gmail.com","ALICE","9900207513","M","85","San Francisco","California","","","","","","","","","","",""
"7481","janet@yahoomail.com","JANET","8865424168","F","80","Los Angeles","California","","","","","","","","","","",""
"2535","edwin@hotmail.com","EDWIN","8956487701","M","77","Austin","Texas","","","","","","","","","","",""
"7433","ashley@gmail.com","ASHLEY","9160754102","F","76","Louisville","Kentucky","","","","","","","","","","",""
"3175","christine@hotmail.com","CHRISTINE","9445080762","F","17","San Jose","California","","","","","","","","","","",""
"7210","mario@hotmail.com","MARIO","9938552460","M","84","San Jose","California","","","","","","","","","","",""
"1896","oscar@hotmail.com","OSCAR","9923519465","M","58","San Jose","California","","","","","","","","","","",""
"4358","janice@hotmail.com","JANICE","9631537779","F","64","Chicago","Illinois","","","","","","","","","","",""
"6143","rebecca@yahoomail.com","REBECCA","9236432022","F","17","San Francisco","California","","","","","","","","","","",""
"5481","heather@gmail.com","HEATHER","9751869395","M","33","Seattle","Washington","","","","","","","","","","",""
"9587","karen@hotmail.com","KAREN","9446573153","F","15","San Francisco","California","","","","","","","","","","",""
"9042","lloyd@hotmail.com","LLOYD","9378043951","M","28","Louisville","Kentucky","","","","","","","","","","",""
"4878","ashley@hotmail.com","ASHLEY","9621238388","M","24","San Diego","California","","","","","","","","","","",""
"8532","joan@yahoomail.com","JOAN","9087407552","F","21","Boston","Massachusetts","","","","","","","","","","",""
"2412","elizabeth@yahoomail.com","ELIZABETH","9420471776","F","92","Las Vegas","Nevada","","","","","","","","","","",""
"1808","dorothy@yahoomail.com","DOROTHY","9465818374","F","92","Phoenix","Arizona","","","","","","","","","","",""
"1093","leo@hotmail.com","LEO","9784589578","M","41","Phoenix","Arizona","","","","","","","","","","",""
"7412","julia@hotmail.com","JULIA","9814354319","F","32","Chicago","Illinois","","","","","","","","","","",""
"6105","doris@yahoomail.com","DORIS","9348268138","F","25","San Diego","California","","","","","","","","","","",""
"6071","craig@hotmail.com","CRAIG","8946727332","M","15","Phoenix","Arizona","","","","","","","","","","",""
"2011","jim@hotmail.com","JIM","8883790594","M","88","Phoenix","Arizona","","","","","","","","","","",""
"1256","christina@gmail.com","CHRISTINA","8813991070","F","87","Las Vegas","Nevada","","","","","","","","","","",""
"3040","shawn@hotmail.com","SHAWN","9748175129","F","64","San Francisco","California","","","","","","","","","","",""
"2028","ruth@gmail.com","RUTH","8893124121","F","64","Austin","Texas","","","","","","","","","","",""
"8026","paula@yahoomail.com","PAULA","9409184406","F","58","Austin","Texas","","","","","","","","","","",""
"6075","bill@yahoomail.com","BILL","9535984901","M","35","Boston","Massachusetts","","","","","","","","","","",""
"3970","jane@hotmail.com","JANE","9629686675","F","54","Las Vegas","Nevada","","","","","","","","","","",""
"5611","darrell@hotmail.com","DARRELL","9241544941","M","30","Las Vegas","Nevada","","","","","","","","","","",""
"4336","floyd@yahoomail.com","FLOYD","9695941336","M","62","Chicago","Illinois","","","","","","","","","","",""
"9950","kelly@gmail.com","KELLY","9101487258","F","85","Phoenix","Arizona","","","","","","","","","","",""
"2620","patricia@hotmail.com","PATRICIA","9283452444","F","69","Phoenix","Arizona","","","","","","","","","","",""
"2896","christina@yahoomail.com","CHRISTINA","9314964091","M","64","Chicago","Illinois","","","","","","","","","","",""
"7122","shirley@yahoomail.com","SHIRLEY","9222060873","F","15","Houston","Texas","","","","","","","","","","",""
"6271","alan@gmail.com","ALAN","8990735665","M","89","Dallas","Texas","","","","","","","","","","",""
"7301","diane@hotmail.com","DIANE","9370772930","F","71","Louisville","Kentucky","","","","","","","","","","",""
"9563","joyce@yahoomail.com","JOYCE","9505719454","F","57","Boston","Massachusetts","","","","","","","","","","",""
"1739","jacqueline@hotmail.com","JACQUELINE","9398706808","F","49","Louisville","Kentucky","","","","","","","","","","",""
"4645","julie@hotmail.com","JULIE","9697208598","F","47","Kansas City","Missouri","","","","","","","","","","",""
"9334","susan@yahoomail.com","SUSAN","9232873598","F","80","Los Angeles","California","","","","","","","","","","",""
"8914","micheal@yahoomail.com","MICHEAL","9364417565","M","35","San Francisco","California","","","","","","","","","","",""
"8381","pedro@yahoomail.com","PEDRO","9278942960","M","83","Boston","Massachusetts","","","","","","","","","","",""
"9275","tammy@hotmail.com","TAMMY","8829365839","F","93","Dallas","Texas","","","","","","","","","","",""
"3613","jean@hotmail.com","JEAN","9414210502","F","73","Las Vegas","Nevada","","","","","","","","","","",""
"9723","sarah@yahoomail.com","SARAH","8820856153","F","85","Seattle","Washington","","","","","","","","","","",""
"4238","virginia@yahoomail.com","VIRGINIA","9430688026","F","71","Las Vegas","Nevada","","","","","","","","","","",""
"7991","lori@hotmail.com","LORI","9149910408","F","65","Seattle","Washington","","","","","","","","","","",""
"6053","leon@gmail.com","LEON","9557664803","M","95","Chicago","Illinois","","","","","","","","","","",""
"6502","nancy@yahoomail.com","NANCY","8892539163","F","27","Austin","Texas","","","","","","","","","","",""
"2396","laura@gmail.com","LAURA","9517789545","F","84","San Jose","California","","","","","","","","","","",""
"2744","ronnie@hotmail.com","RONNIE","9353428486","M","69","Chicago","Illinois","","","","","","","","","","",""
"1548","teresa@hotmail.com","TERESA","9104176889","M","76","Columbus","Ohio","","","","","","","","","","",""
"9086","diane@yahoomail.com","DIANE","9865100640","M","21","Chicago","Illinois","","","","","","","","","","",""
"7486","calvin@yahoomail.com","CALVIN","8982249989","M","47","Boston","Massachusetts","","","","","","","","","","",""
"4305","tammy@yahoomail.com","TAMMY","9089897083","M","73","Seattle","Washington","","","","","","","","","","",""
"8844","heather@hotmail.com","HEATHER","9980100083","F","34","Chicago","Illinois","","","","","","","","","","",""
"4818","barbara@yahoomail.com","BARBARA","9846715643","F","82","San Francisco","California","","","","","","","","","","",""
"4139","louise@hotmail.com","LOUISE","9102904812","M","86","Las Vegas","Nevada","","","","","","","","","","",""
"3928","dean@yahoomail.com","DEAN","9123709093","M","35","Columbus","Ohio","","","","","","","","","","",""
"3723","denise@hotmail.com","DENISE","8930828526","F","83","Phoenix","Arizona","","","","","","","","","","",""
"4128","marilyn@yahoomail.com","MARILYN","9366180988","M","82","Austin","Texas","","","","","","","","","","",""
"9940","theresa@gmail.com","THERESA","9217645726","F","63","Los Angeles","California","","","","","","","","","","",""
"5157","lisa@hotmail.com","LISA","9804086419","F","17","San Diego","California","","","","","","","","","","",""
"2398","alice@hotmail.com","ALICE","9071215044","F","29","San Jose","California","","","","","","","","","","",""
"3199","anne@hotmail.com","ANNE","9573995826","M","74","Kansas City","Missouri","","","","","","","","","","",""
"2024","jean@hotmail.com","JEAN","9697275639","M","63","Austin","Texas","","","","","","","","","","",""
"1960","donna@gmail.com","DONNA","9800216163","F","94","Houston","Texas","","","","","","","","","","",""
"4326","beverly@gmail.com","BEVERLY","9587902661","M","69","San Francisco","California","","","","","","","","","","",""
"9033","leroy@hotmail.com","LEROY","8830128339","M","94","Chicago","Illinois","","","","","","","","","","",""
"9699","doris@gmail.com","DORIS","9365331326","M","29","Los Angeles","California","","","","","","","","","","",""
"7759","nicole@gmail.com","NICOLE","8978531245","M","75","Chicago","Illinois","","","","","","","","","","",""
"7861","earl@gmail.com","EARL","9328086988","F","40","Los Angeles","California","","","","","","","","","","",""
"7631","judith@hotmail.com","JUDITH","9002919821","F","79","San Jose","California","","","","","","","","","","",""
"2067","mary@gmail.com","MARY","9399917541","F","39","Chicago","Illinois","","","","","","","","","","",""
"5974","judith@gmail.com","JUDITH","9743625056","M","16","Austin","Texas","","","","","","","","","","",""
"1177","kimberly@hotmail.com","KIMBERLY","9575484585","F","84","Columbus","Ohio","","","","","","","","","","",""
"2377","irene@hotmail.com","IRENE","9596706929","F","34","San Francisco","California","","","","","","","","","","",""
"7848","melissa@gmail.com","MELISSA","8936384069","F","57","San Francisco","California","","","","","","","","","","",""
"6391","maria@hotmail.com","MARIA","9039979351","F","81","Columbus","Ohio","","","","","","","","","","",""
"2141","brenda@hotmail.com","BRENDA","9763358948","F","22","Las Vegas","Nevada","","","","","","","","","","",""
"6679","margaret@hotmail.com","MARGARET","9810085166","F","56","Chicago","Illinois","","","","","","","","","","",""
"7738","mildred@gmail.com","MILDRED","9086924484","M","31","Louisville","Kentucky","","","","","","","","","","",""
"3704","alvin@hotmail.com","ALVIN","8831239881","M","86","Dallas","Texas","","","","","","","","","","",""
"7653","shawn@hotmail.com","SHAWN","9051504952","M","23","San Francisco","California","","","","","","","","","","",""
"5208","martha@hotmail.com","MARTHA","9617920489","F","77","San Diego","California","","","","","","","","","","",""
"7979","deborah@yahoomail.com","DEBORAH","9769288802","F","20","Kansas City","Missouri","","","","","","","","","","",""
"1692","bernard@yahoomail.com","BERNARD","8946845463","M","83","Louisville","Kentucky","","","","","","","","","","",""
"4755","sandra@gmail.com","SANDRA","9702223347","F","36","Los Angeles","California","","","","","","","","","","",""
"8565","angela@yahoomail.com","ANGELA","9304545066","F","28","Dallas","Texas","","","","","","","","","","",""
"9856","lois@gmail.com","LOIS","9759846098","F","67","San Diego","California","","","","","","","","","","",""
"3966","cynthia@hotmail.com","CYNTHIA","9500122228","F","69","San Diego","California","","","","","","","","","","",""
"2019","sara@yahoomail.com","SARA","9680749730","M","48","San Jose","California","","","","","","","","","","",""
"9006","kathy@yahoomail.com","KATHY","9963576235","M","90","Phoenix","Arizona","","","","","","","","","","",""
"9103","tommy@hotmail.com","TOMMY","8940670967","M","69","San Jose","California","","","","","","","","","","",""
"8919","norma@hotmail.com","NORMA","9050546952","F","84","San Diego","California","","","","","","","","","","",""
"3156","tom@gmail.com","TOM","9340234948","M","93","Austin","Texas","","","","","","","","","","",""
"3024","lori@gmail.com","LORI","9062344822","M","71","Houston","Texas","","","","","","","","","","",""
"4540","jimmy@yahoomail.com","JIMMY","9457641925","F","80","Houston","Texas","","","","","","","","","","",""
"5253","ernest@hotmail.com","ERNEST","9073027504","M","88","Chicago","Illinois","","","","","","","","","","",""
"6565","jorge@hotmail.com","JORGE","9389506060","M","52","Houston","Texas","","","","","","","","","","",""
"9262","alexander@yahoomail.com","ALEXANDER","9070909960","M","57","Boston","Massachusetts","","","","","","","","","","",""
"6224","joyce@hotmail.com","JOYCE","9069207801","M","85","San Jose","California","","","","","","","","","","",""
"2237","denise@gmail.com","DENISE","9341871016","M","24","Las Vegas","Nevada","","","","","","","","","","",""
"5570","jessica@yahoomail.com","JESSICA","9014934014","F","31","Chicago","Illinois","","","","","","","","","","",""
"6825","jane@yahoomail.com","JANE","9959283196","M","72","Los Angeles","California","","","","","","","","","","",""
"2062","linda@hotmail.com","LINDA","8974800961","F","37","Dallas","Texas","","","","","","","","","","",""
"9756","randall@hotmail.com","RANDALL","9053173995","M","23","Houston","Texas","","","","","","","","","","",""
"5069","philip@hotmail.com","PHILIP","9155965235","F","15","Louisville","Kentucky","","","","","","","","","","",""
"8794","francisco@yahoomail.com","FRANCISCO","8889721487","M","68","Phoenix","Arizona","","","","","","","","","","",""
"8972","marcus@yahoomail.com","MARCUS","8957432184","M","52","Dallas","Texas","","","","","","","","","","",""
"5057","warren@yahoomail.com","WARREN","9313205909","M","21","San Francisco","California","","","","","","","","","","",""
"3965","rachel@gmail.com","RACHEL","9994692377","M","89","San Diego","California","","","","","","","","","","",""
"5081","theodore@gmail.com","THEODORE","9464988446","M","95","Las Vegas","Nevada","","","","","","","","","","",""
"6286","gloria@yahoomail.com","GLORIA","9800592018","M","63","Houston","Texas","","","","","","","","","","",""
"4632","rachel@hotmail.com","RACHEL","9226080809","F","91","Los Angeles","California","","","","","","","","","","",""
"6932","irene@hotmail.com","IRENE","8818215464","M","57","Columbus","Ohio","","","","","","","","","","",""
"8772","don@hotmail.com","DON","9834172097","M","17","Boston","Massachusetts","","","","","","","","","","",""
"7124","andrea@yahoomail.com","ANDREA","9150951827","F","85","Los Angeles","California","","","","","","","","","","",""
"6630","ray@yahoomail.com","RAY","9028044720","M","87","Houston","Texas","","","","","","","","","","",""
"6417","marilyn@hotmail.com","MARILYN","9944493298","F","33","Columbus","Ohio","","","","","","","","","","",""
"2304","todd@hotmail.com","TODD","9017759936","M","82","Dallas","Texas","","","","","","","","","","",""
"7075","joan@yahoomail.com","JOAN","9030727569","M","77","Chicago","Illinois","","","","","","","","","","",""
"6214","rose@hotmail.com","ROSE","9173208026","M","84","Boston","Massachusetts","","","","","","","","","","",""
"9566","janice@gmail.com","JANICE","8825027496","M","63","Louisville","Kentucky","","","","","","","","","","",""
"4733","stephanie@yahoomail.com","STEPHANIE","9663337067","F","56","Louisville","Kentucky","","","","","","","","","","",""
"8299","joel@hotmail.com","JOEL","8905425731","M","93","San Diego","California","","","","","","","","","","",""
"5850","evelyn@gmail.com","EVELYN","9384651056","M","63","San Diego","California","","","","","","","","","","",""
"7856","julie@yahoomail.com","JULIE","9840072864","M","17","Las Vegas","Nevada","","","","","","","","","","",""
"8056","frances@yahoomail.com","FRANCES","9999331217","F","56","San Diego","California","","","","","","","","","","",""
"6700","louise@hotmail.com","LOUISE","9988863093","F","27","San Diego","California","","","","","","","","","","",""
"4729","amanda@yahoomail.com","AMANDA","9150864169","F","25","Boston","Massachusetts","","","","","","","","","","",""
"2486","kelly@hotmail.com","KELLY","9540990962","M","40","San Jose","California","","","","","","","","","","",""
"6740","nicole@hotmail.com","NICOLE","9593030437","F","55","Dallas","Texas","","","","","","","","","","",""
"3899","jerome@yahoomail.com","JEROME","9752476506","M","76","Columbus","Ohio","","","","","","","","","","",""
"2172","cheryl@hotmail.com","CHERYL","9516796529","M","72","Boston","Massachusetts","","","","","","","","","","",""
"6098","dustin@yahoomail.com","DUSTIN","9430087758","M","93","Dallas","Texas","","","","","","","","","","",""
"2200","mildred@hotmail.com","MILDRED","9854977424","F","51","Los Angeles","California","","","","","","","","","","",""
"9174","alex@yahoomail.com","ALEX","9476356669","M","80","Louisville","Kentucky","","","","","","","","","","",""
"7589","clarence@hotmail.com","CLARENCE","9182771328","F","42","Las Vegas","Nevada","","","","","","","","","","",""
"1779","ruby@hotmail.com","RUBY","9328935754","F","33","Phoenix","Arizona","","","","","","","","","","",""
"7576","phyllis@yahoomail.com","PHYLLIS","9531312115","F","78","Houston","Texas","","","","","","","","","","",""
"7735","carolyn@yahoomail.com","CAROLYN","8831676979","F","39","Seattle","Washington","","","","","","","","","","",""
"3705","jon@yahoomail.com","JON","9859370036","M","29","San Jose","California","","","","","","","","","","",""
"9029","ann@hotmail.com","ANN","9368398299","F","50","Austin","Texas","","","","","","","","","","",""
"5260","anna@gmail.com","ANNA","9700200006","F","89","Los Angeles","California","","","","","","","","","","",""
"3942","wesley@yahoomail.com","WESLEY","9382358964","M","26","Las Vegas","Nevada","","","","","","","","","","",""
"5229","helen@gmail.com","HELEN","9064066047","F","60","Seattle","Washington","","","","","","","","","","",""
"4672","phillip@hotmail.com","PHILLIP","9976536971","M","53","Phoenix","Arizona","","","","","","","","","","",""
"7496","chris@hotmail.com","CHRIS","9626129535","F","72","Seattle","Washington","","","","","","","","","","",""
"6042","jesse@hotmail.com","JESSE","9311649081","M","88","Chicago","Illinois","","","","","","","","","","",""
"4575","tina@yahoomail.com","TINA","8819353220","F","56","Austin","Texas","","","","","","","","","","",""
"3958","gordon@hotmail.com","GORDON","8853153218","M","87","Seattle","Washington","","","","","","","","","","",""
"8609","jennifer@hotmail.com","JENNIFER","9935042642","F","93","Seattle","Washington","","","","","","","","","","",""
"4542","michelle@hotmail.com","MICHELLE","9730382145","F","60","Louisville","Kentucky","","","","","","","","","","",""
"9532","katherine@hotmail.com","KATHERINE","9033150890","M","18","San Jose","California","","","","","","","","","","",""